"periodo";"nivel_general_aperturas";"indice_icc";"Clasificador"
"2022-01-01";"Movimiento de tierras";100;"Ítems"
"2022-01-01";"Estructura";100;"Ítems"
"2022-01-01";"Albanileria";100;"Ítems"
"2022-01-01";"Yeseria";100;"Ítems"
"2022-01-01";"Instalacion sanitaria y contraincendio";100;"Ítems"
"2022-01-01";"Instalacion de gas";100;"Ítems"
"2022-01-01";"Instalacion electrica";100;"Ítems"
"2022-01-01";"Carpinteria metalica y herreria";100;"Ítems"
"2022-01-01";"Carpinteria de madera";100;"Ítems"
"2022-01-01";"Ascensores";100;"Ítems"
"2022-01-01";"Vidrios";100;"Ítems"
"2022-01-01";"Pintura";100;"Ítems"
"2022-01-01";"Otros trabajos y gastos";100;"Ítems"
"2022-02-01";"Movimiento de tierras";103.812933254688;"Ítems"
"2022-02-01";"Estructura";104.410773484463;"Ítems"
"2022-02-01";"Albanileria";103.927129746759;"Ítems"
"2022-02-01";"Yeseria";104.401086250664;"Ítems"
"2022-02-01";"Instalacion sanitaria y contraincendio";103.745420563839;"Ítems"
"2022-02-01";"Instalacion de gas";101.542653418102;"Ítems"
"2022-02-01";"Instalacion electrica";103.949007322413;"Ítems"
"2022-02-01";"Carpinteria metalica y herreria";105.61061404405;"Ítems"
"2022-02-01";"Carpinteria de madera";104.348301581399;"Ítems"
"2022-02-01";"Ascensores";100.573196712996;"Ítems"
"2022-02-01";"Vidrios";102.077324810975;"Ítems"
"2022-02-01";"Pintura";101.735606808807;"Ítems"
"2022-02-01";"Otros trabajos y gastos";103.472367445486;"Ítems"
"2022-03-01";"Movimiento de tierras";105.983075692185;"Ítems"
"2022-03-01";"Estructura";109.511396618843;"Ítems"
"2022-03-01";"Albanileria";109.514064023334;"Ítems"
"2022-03-01";"Yeseria";109.920892614676;"Ítems"
"2022-03-01";"Instalacion sanitaria y contraincendio";108.375716376808;"Ítems"
"2022-03-01";"Instalacion de gas";107.360815518714;"Ítems"
"2022-03-01";"Instalacion electrica";109.003925417076;"Ítems"
"2022-03-01";"Carpinteria metalica y herreria";107.490549238831;"Ítems"
"2022-03-01";"Carpinteria de madera";109.423871913209;"Ítems"
"2022-03-01";"Ascensores";103.236278786649;"Ítems"
"2022-03-01";"Vidrios";108.048172110063;"Ítems"
"2022-03-01";"Pintura";106.142159995352;"Ítems"
"2022-03-01";"Otros trabajos y gastos";110.412349575103;"Ítems"
"2022-04-01";"Movimiento de tierras";109.294937307645;"Ítems"
"2022-04-01";"Estructura";112.213708956353;"Ítems"
"2022-04-01";"Albanileria";110.331880332928;"Ítems"
"2022-04-01";"Yeseria";111.724422929335;"Ítems"
"2022-04-01";"Instalacion sanitaria y contraincendio";112.976240686068;"Ítems"
"2022-04-01";"Instalacion de gas";113.027152326858;"Ítems"
"2022-04-01";"Instalacion electrica";111.585642032158;"Ítems"
"2022-04-01";"Carpinteria metalica y herreria";114.817625852028;"Ítems"
"2022-04-01";"Carpinteria de madera";115.61823311971;"Ítems"
"2022-04-01";"Ascensores";108.985999797099;"Ítems"
"2022-04-01";"Vidrios";112.447384831242;"Ítems"
"2022-04-01";"Pintura";108.528437808633;"Ítems"
"2022-04-01";"Otros trabajos y gastos";112.296344175966;"Ítems"
"2022-05-01";"Movimiento de tierras";116.207156330847;"Ítems"
"2022-05-01";"Estructura";120.593009340138;"Ítems"
"2022-05-01";"Albanileria";118.783991749321;"Ítems"
"2022-05-01";"Yeseria";120.331778735463;"Ítems"
"2022-05-01";"Instalacion sanitaria y contraincendio";118.309474781055;"Ítems"
"2022-05-01";"Instalacion de gas";118.418305792406;"Ítems"
"2022-05-01";"Instalacion electrica";119.241148939382;"Ítems"
"2022-05-01";"Carpinteria metalica y herreria";117.815597039978;"Ítems"
"2022-05-01";"Carpinteria de madera";122.011636300007;"Ítems"
"2022-05-01";"Ascensores";113.586791112915;"Ítems"
"2022-05-01";"Vidrios";114.559786421389;"Ítems"
"2022-05-01";"Pintura";113.938592923953;"Ítems"
"2022-05-01";"Otros trabajos y gastos";119.30856827817;"Ítems"
"2022-06-01";"Movimiento de tierras";123.694614939877;"Ítems"
"2022-06-01";"Estructura";129.332021954138;"Ítems"
"2022-06-01";"Albanileria";127.685700703403;"Ítems"
"2022-06-01";"Yeseria";130.488812798867;"Ítems"
"2022-06-01";"Instalacion sanitaria y contraincendio";124.456463310757;"Ítems"
"2022-06-01";"Instalacion de gas";123.604766229717;"Ítems"
"2022-06-01";"Instalacion electrica";126.755114365517;"Ítems"
"2022-06-01";"Carpinteria metalica y herreria";122.189949352678;"Ítems"
"2022-06-01";"Carpinteria de madera";129.424309368096;"Ítems"
"2022-06-01";"Ascensores";118.704981231612;"Ítems"
"2022-06-01";"Vidrios";121.086990412347;"Ítems"
"2022-06-01";"Pintura";117.467902166967;"Ítems"
"2022-06-01";"Otros trabajos y gastos";127.482367255375;"Ítems"
"2022-07-01";"Movimiento de tierras";129.563226714477;"Ítems"
"2022-07-01";"Estructura";135.175454282845;"Ítems"
"2022-07-01";"Albanileria";131.557235055716;"Ítems"
"2022-07-01";"Yeseria";137.437274927682;"Ítems"
"2022-07-01";"Instalacion sanitaria y contraincendio";143.25303297194;"Ítems"
"2022-07-01";"Instalacion de gas";140.967072889696;"Ítems"
"2022-07-01";"Instalacion electrica";136.486562995395;"Ítems"
"2022-07-01";"Carpinteria metalica y herreria";141.605242800636;"Ítems"
"2022-07-01";"Carpinteria de madera";147.838972855924;"Ítems"
"2022-07-01";"Ascensores";130.503702952217;"Ítems"
"2022-07-01";"Vidrios";141.256138436355;"Ítems"
"2022-07-01";"Pintura";135.676523557776;"Ítems"
"2022-07-01";"Otros trabajos y gastos";132.804509419973;"Ítems"
"2022-08-01";"Movimiento de tierras";137.878212727687;"Ítems"
"2022-08-01";"Estructura";144.802398998583;"Ítems"
"2022-08-01";"Albanileria";140.480698729363;"Ítems"
"2022-08-01";"Yeseria";147.346360469921;"Ítems"
"2022-08-01";"Instalacion sanitaria y contraincendio";157.172037942127;"Ítems"
"2022-08-01";"Instalacion de gas";153.950846561564;"Ítems"
"2022-08-01";"Instalacion electrica";148.531743036159;"Ítems"
"2022-08-01";"Carpinteria metalica y herreria";162.62461138762;"Ítems"
"2022-08-01";"Carpinteria de madera";160.089896979374;"Ítems"
"2022-08-01";"Ascensores";144.473470630009;"Ítems"
"2022-08-01";"Vidrios";153.931522332216;"Ítems"
"2022-08-01";"Pintura";143.12147795271;"Ítems"
"2022-08-01";"Otros trabajos y gastos";139.938404212848;"Ítems"
"2022-09-01";"Movimiento de tierras";145.316031372457;"Ítems"
"2022-09-01";"Estructura";156.094474324938;"Ítems"
"2022-09-01";"Albanileria";152.930844163692;"Ítems"
"2022-09-01";"Yeseria";160.599799279769;"Ítems"
"2022-09-01";"Instalacion sanitaria y contraincendio";169.502402394952;"Ítems"
"2022-09-01";"Instalacion de gas";162.596754734374;"Ítems"
"2022-09-01";"Instalacion electrica";157.263908809542;"Ítems"
"2022-09-01";"Carpinteria metalica y herreria";164.707427787427;"Ítems"
"2022-09-01";"Carpinteria de madera";168.450753516044;"Ítems"
"2022-09-01";"Ascensores";149.632241046972;"Ítems"
"2022-09-01";"Vidrios";164.401940915114;"Ítems"
"2022-09-01";"Pintura";148.242607331668;"Ítems"
"2022-09-01";"Otros trabajos y gastos";151.823159255527;"Ítems"
"2022-10-01";"Movimiento de tierras";157.655358488142;"Ítems"
"2022-10-01";"Estructura";167.99799166403;"Ítems"
"2022-10-01";"Albanileria";164.825841383923;"Ítems"
"2022-10-01";"Yeseria";173.209752641832;"Ítems"
"2022-10-01";"Instalacion sanitaria y contraincendio";179.898446092904;"Ítems"
"2022-10-01";"Instalacion de gas";167.997397280701;"Ítems"
"2022-10-01";"Instalacion electrica";170.018683475504;"Ítems"
"2022-10-01";"Carpinteria metalica y herreria";175.912600528367;"Ítems"
"2022-10-01";"Carpinteria de madera";180.036746210547;"Ítems"
"2022-10-01";"Ascensores";160.736025159785;"Ítems"
"2022-10-01";"Vidrios";176.163379842544;"Ítems"
"2022-10-01";"Pintura";157.308429675245;"Ítems"
"2022-10-01";"Otros trabajos y gastos";162.471245793806;"Ítems"
"2022-11-01";"Movimiento de tierras";170.999164880601;"Ítems"
"2022-11-01";"Estructura";179.171767748325;"Ítems"
"2022-11-01";"Albanileria";176.147158591906;"Ítems"
"2022-11-01";"Yeseria";183.957140327056;"Ítems"
"2022-11-01";"Instalacion sanitaria y contraincendio";192.514120789606;"Ítems"
"2022-11-01";"Instalacion de gas";177.36312000976;"Ítems"
"2022-11-01";"Instalacion electrica";185.846795500868;"Ítems"
"2022-11-01";"Carpinteria metalica y herreria";183.093719440106;"Ítems"
"2022-11-01";"Carpinteria de madera";189.303134364269;"Ítems"
"2022-11-01";"Ascensores";171.489804200061;"Ítems"
"2022-11-01";"Vidrios";193.632590225271;"Ítems"
"2022-11-01";"Pintura";167.419973276012;"Ítems"
"2022-11-01";"Otros trabajos y gastos";173.003364955039;"Ítems"
"2022-12-01";"Movimiento de tierras";175.546769606326;"Ítems"
"2022-12-01";"Estructura";185.891439811822;"Ítems"
"2022-12-01";"Albanileria";182.79765693613;"Ítems"
"2022-12-01";"Yeseria";192.765216364602;"Ítems"
"2022-12-01";"Instalacion sanitaria y contraincendio";201.188379189719;"Ítems"
"2022-12-01";"Instalacion de gas";189.90632921688;"Ítems"
"2022-12-01";"Instalacion electrica";197.463576658866;"Ítems"
"2022-12-01";"Carpinteria metalica y herreria";188.129260140411;"Ítems"
"2022-12-01";"Carpinteria de madera";199.361315864302;"Ítems"
"2022-12-01";"Ascensores";185.829867099523;"Ítems"
"2022-12-01";"Vidrios";208.88221997038;"Ítems"
"2022-12-01";"Pintura";172.798175797362;"Ítems"
"2022-12-01";"Otros trabajos y gastos";184.148590330982;"Ítems"
"2023-01-01";"Movimiento de tierras";195.70293109389;"Ítems"
"2023-01-01";"Estructura";198.358254123279;"Ítems"
"2023-01-01";"Albanileria";195.33079259695;"Ítems"
"2023-01-01";"Yeseria";206.071787000413;"Ítems"
"2023-01-01";"Instalacion sanitaria y contraincendio";216.016242009246;"Ítems"
"2023-01-01";"Instalacion de gas";199.605525356179;"Ítems"
"2023-01-01";"Instalacion electrica";211.477126896656;"Ítems"
"2023-01-01";"Carpinteria metalica y herreria";207.931341497234;"Ítems"
"2023-01-01";"Carpinteria de madera";208.10713270194;"Ítems"
"2023-01-01";"Ascensores";194.524196002841;"Ítems"
"2023-01-01";"Vidrios";218.339309377192;"Ítems"
"2023-01-01";"Pintura";181.325161215361;"Ítems"
"2023-01-01";"Otros trabajos y gastos";195.960152848805;"Ítems"
"2023-02-01";"Movimiento de tierras";204.312836894757;"Ítems"
"2023-02-01";"Estructura";212.668335694733;"Ítems"
"2023-02-01";"Albanileria";207.339397797133;"Ítems"
"2023-02-01";"Yeseria";219.286852824842;"Ítems"
"2023-02-01";"Instalacion sanitaria y contraincendio";226.767889779277;"Ítems"
"2023-02-01";"Instalacion de gas";212.514741964782;"Ítems"
"2023-02-01";"Instalacion electrica";224.811278025213;"Ítems"
"2023-02-01";"Carpinteria metalica y herreria";214.960664399457;"Ítems"
"2023-02-01";"Carpinteria de madera";219.510487980927;"Ítems"
"2023-02-01";"Ascensores";202.873592370904;"Ítems"
"2023-02-01";"Vidrios";237.406461922208;"Ítems"
"2023-02-01";"Pintura";191.769302271539;"Ítems"
"2023-02-01";"Otros trabajos y gastos";207.070207790726;"Ítems"
"2023-03-01";"Movimiento de tierras";215.223117039356;"Ítems"
"2023-03-01";"Estructura";220.185152069549;"Ítems"
"2023-03-01";"Albanileria";214.186494347802;"Ítems"
"2023-03-01";"Yeseria";226.058208867111;"Ítems"
"2023-03-01";"Instalacion sanitaria y contraincendio";245.684372441511;"Ítems"
"2023-03-01";"Instalacion de gas";225.533760793829;"Ítems"
"2023-03-01";"Instalacion electrica";234.894693138069;"Ítems"
"2023-03-01";"Carpinteria metalica y herreria";222.14616204224;"Ítems"
"2023-03-01";"Carpinteria de madera";231.747194820534;"Ítems"
"2023-03-01";"Ascensores";212.932433803388;"Ítems"
"2023-03-01";"Vidrios";254.828903266038;"Ítems"
"2023-03-01";"Pintura";212.916109916923;"Ítems"
"2023-03-01";"Otros trabajos y gastos";214.315317199293;"Ítems"
"2023-04-01";"Movimiento de tierras";229.799746544182;"Ítems"
"2023-04-01";"Estructura";237.117762768753;"Ítems"
"2023-04-01";"Albanileria";231.786868206686;"Ítems"
"2023-04-01";"Yeseria";246.121376704646;"Ítems"
"2023-04-01";"Instalacion sanitaria y contraincendio";262.930342951183;"Ítems"
"2023-04-01";"Instalacion de gas";240.786780354892;"Ítems"
"2023-04-01";"Instalacion electrica";251.399373443044;"Ítems"
"2023-04-01";"Carpinteria metalica y herreria";248.552829390043;"Ítems"
"2023-04-01";"Carpinteria de madera";250.348870272753;"Ítems"
"2023-04-01";"Ascensores";230.86385309932;"Ítems"
"2023-04-01";"Vidrios";277.963013485073;"Ítems"
"2023-04-01";"Pintura";224.366757683146;"Ítems"
"2023-04-01";"Otros trabajos y gastos";245.438299652098;"Ítems"
"2023-05-01";"Movimiento de tierras";248.768636886581;"Ítems"
"2023-05-01";"Estructura";254.229885689918;"Ítems"
"2023-05-01";"Albanileria";249.066561384567;"Ítems"
"2023-05-01";"Yeseria";262.6217604345;"Ítems"
"2023-05-01";"Instalacion sanitaria y contraincendio";286.554031144301;"Ítems"
"2023-05-01";"Instalacion de gas";264.966313763234;"Ítems"
"2023-05-01";"Instalacion electrica";275.157582848947;"Ítems"
"2023-05-01";"Carpinteria metalica y herreria";273.229897975567;"Ítems"
"2023-05-01";"Carpinteria de madera";274.400139985564;"Ítems"
"2023-05-01";"Ascensores";249.974637313584;"Ítems"
"2023-05-01";"Vidrios";305.776950658664;"Ítems"
"2023-05-01";"Pintura";237.534131179922;"Ítems"
"2023-05-01";"Otros trabajos y gastos";261.498830820707;"Ítems"
"2023-06-01";"Movimiento de tierras";272.270531965217;"Ítems"
"2023-06-01";"Estructura";266.288154944496;"Ítems"
"2023-06-01";"Albanileria";260.441862526287;"Ítems"
"2023-06-01";"Yeseria";273.460652931106;"Ítems"
"2023-06-01";"Instalacion sanitaria y contraincendio";306.279306323964;"Ítems"
"2023-06-01";"Instalacion de gas";291.675364990714;"Ítems"
"2023-06-01";"Instalacion electrica";285.664678795199;"Ítems"
"2023-06-01";"Carpinteria metalica y herreria";292.693357465006;"Ítems"
"2023-06-01";"Carpinteria de madera";294.956145147532;"Ítems"
"2023-06-01";"Ascensores";270.898853606574;"Ítems"
"2023-06-01";"Vidrios";327.301426455686;"Ítems"
"2023-06-01";"Pintura";249.275257073142;"Ítems"
"2023-06-01";"Otros trabajos y gastos";291.160814433186;"Ítems"
"2023-07-01";"Movimiento de tierras";293.312620814913;"Ítems"
"2023-07-01";"Estructura";288.136374265788;"Ítems"
"2023-07-01";"Albanileria";283.249671664881;"Ítems"
"2023-07-01";"Yeseria";296.094810791664;"Ítems"
"2023-07-01";"Instalacion sanitaria y contraincendio";331.312179025976;"Ítems"
"2023-07-01";"Instalacion de gas";309.581260421044;"Ítems"
"2023-07-01";"Instalacion electrica";310.164565562014;"Ítems"
"2023-07-01";"Carpinteria metalica y herreria";312.841358574285;"Ítems"
"2023-07-01";"Carpinteria de madera";318.988823027625;"Ítems"
"2023-07-01";"Ascensores";296.436542558588;"Ítems"
"2023-07-01";"Vidrios";348.651492711825;"Ítems"
"2023-07-01";"Pintura";268.815720676233;"Ítems"
"2023-07-01";"Otros trabajos y gastos";315.11092945001;"Ítems"
"2023-08-01";"Movimiento de tierras";316.473460139109;"Ítems"
"2023-08-01";"Estructura";326.724624124792;"Ítems"
"2023-08-01";"Albanileria";316.748716874411;"Ítems"
"2023-08-01";"Yeseria";342.163055670347;"Ítems"
"2023-08-01";"Instalacion sanitaria y contraincendio";392.815970757767;"Ítems"
"2023-08-01";"Instalacion de gas";384.592443980534;"Ítems"
"2023-08-01";"Instalacion electrica";368.970332905563;"Ítems"
"2023-08-01";"Carpinteria metalica y herreria";375.042692627676;"Ítems"
"2023-08-01";"Carpinteria de madera";390.73251820906;"Ítems"
"2023-08-01";"Ascensores";363.246931114944;"Ítems"
"2023-08-01";"Vidrios";394.630329721724;"Ítems"
"2023-08-01";"Pintura";321.980479869866;"Ítems"
"2023-08-01";"Otros trabajos y gastos";343.354689074352;"Ítems"
"2023-09-01";"Movimiento de tierras";369.082478260615;"Ítems"
"2023-09-01";"Estructura";382.361720566186;"Ítems"
"2023-09-01";"Albanileria";375.116629468782;"Ítems"
"2023-09-01";"Yeseria";368.029399610367;"Ítems"
"2023-09-01";"Instalacion sanitaria y contraincendio";433.382952506182;"Ítems"
"2023-09-01";"Instalacion de gas";432.833575078963;"Ítems"
"2023-09-01";"Instalacion electrica";398.448705367253;"Ítems"
"2023-09-01";"Carpinteria metalica y herreria";406.998671784916;"Ítems"
"2023-09-01";"Carpinteria de madera";430.636059406374;"Ítems"
"2023-09-01";"Ascensores";405.212032058436;"Ítems"
"2023-09-01";"Vidrios";440.667628030244;"Ítems"
"2023-09-01";"Pintura";349.00656480567;"Ítems"
"2023-09-01";"Otros trabajos y gastos";393.425980494667;"Ítems"
"2023-10-01";"Movimiento de tierras";376.310641056338;"Ítems"
"2023-10-01";"Estructura";395.684141023701;"Ítems"
"2023-10-01";"Albanileria";384.967488780205;"Ítems"
"2023-10-01";"Yeseria";418.029399610367;"Ítems"
"2023-10-01";"Instalacion sanitaria y contraincendio";506.041961280505;"Ítems"
"2023-10-01";"Instalacion de gas";486.747820900378;"Ítems"
"2023-10-01";"Instalacion electrica";440.799803729146;"Ítems"
"2023-10-01";"Carpinteria metalica y herreria";484.82185862537;"Ítems"
"2023-10-01";"Carpinteria de madera";499.84470351495;"Ítems"
"2023-10-01";"Ascensores";448.123161205235;"Ítems"
"2023-10-01";"Vidrios";490.684192064853;"Ítems"
"2023-10-01";"Pintura";386.559577063847;"Ítems"
"2023-10-01";"Otros trabajos y gastos";418.108971312333;"Ítems"
"2023-11-01";"Movimiento de tierras";428.649267372527;"Ítems"
"2023-11-01";"Estructura";437.133581853447;"Ítems"
"2023-11-01";"Albanileria";427.726792951471;"Ítems"
"2023-11-01";"Yeseria";476.633803648385;"Ítems"
"2023-11-01";"Instalacion sanitaria y contraincendio";564.487557992408;"Ítems"
"2023-11-01";"Instalacion de gas";588.468055687348;"Ítems"
"2023-11-01";"Instalacion electrica";488.682343172039;"Ítems"
"2023-11-01";"Carpinteria metalica y herreria";527.107264314801;"Ítems"
"2023-11-01";"Carpinteria de madera";555.084319429559;"Ítems"
"2023-11-01";"Ascensores";522.958303743533;"Ítems"
"2023-11-01";"Vidrios";549.337438615637;"Ítems"
"2023-11-01";"Pintura";450.726195317493;"Ítems"
"2023-11-01";"Otros trabajos y gastos";453.178646793787;"Ítems"
"2023-12-01";"Movimiento de tierras";545.379103327045;"Ítems"
"2023-12-01";"Estructura";576.188838604069;"Ítems"
"2023-12-01";"Albanileria";519.315773783146;"Ítems"
"2023-12-01";"Yeseria";613.102898636283;"Ítems"
"2023-12-01";"Instalacion sanitaria y contraincendio";801.173493437864;"Ítems"
"2023-12-01";"Instalacion de gas";885.927693204463;"Ítems"
"2023-12-01";"Instalacion electrica";688.453989582547;"Ítems"
"2023-12-01";"Carpinteria metalica y herreria";720.200545881803;"Ítems"
"2023-12-01";"Carpinteria de madera";771.868369824362;"Ítems"
"2023-12-01";"Ascensores";675.65942984681;"Ítems"
"2023-12-01";"Vidrios";754.226751890249;"Ítems"
"2023-12-01";"Pintura";658.952535874049;"Ítems"
"2023-12-01";"Otros trabajos y gastos";520.011976958613;"Ítems"
"2024-01-01";"Movimiento de tierras";618.752226498396;"Ítems"
"2024-01-01";"Estructura";658.999683618306;"Ítems"
"2024-01-01";"Albanileria";610.097412799833;"Ítems"
"2024-01-01";"Yeseria";728.431430426826;"Ítems"
"2024-01-01";"Instalacion sanitaria y contraincendio";962.020658115629;"Ítems"
"2024-01-01";"Instalacion de gas";933.763504995323;"Ítems"
"2024-01-01";"Instalacion electrica";749.024307390352;"Ítems"
"2024-01-01";"Carpinteria metalica y herreria";793.173558302803;"Ítems"
"2024-01-01";"Carpinteria de madera";870.452109626195;"Ítems"
"2024-01-01";"Ascensores";945.373845997769;"Ítems"
"2024-01-01";"Vidrios";870.991503624601;"Ítems"
"2024-01-01";"Pintura";716.509324347877;"Ítems"
"2024-01-01";"Otros trabajos y gastos";595.343244425011;"Ítems"
"2024-02-01";"Movimiento de tierras";675.692185501626;"Ítems"
"2024-02-01";"Estructura";683.648568716728;"Ítems"
"2024-02-01";"Albanileria";633.332259026194;"Ítems"
"2024-02-01";"Yeseria";752.892732746915;"Ítems"
"2024-02-01";"Instalacion sanitaria y contraincendio";1007.50903482439;"Ítems"
"2024-02-01";"Instalacion de gas";956.563054941778;"Ítems"
"2024-02-01";"Instalacion electrica";779.210387257492;"Ítems"
"2024-02-01";"Carpinteria metalica y herreria";807.14025075533;"Ítems"
"2024-02-01";"Carpinteria de madera";941.690544412607;"Ítems"
"2024-02-01";"Ascensores";1049.69818403165;"Ítems"
"2024-02-01";"Vidrios";958.214786811131;"Ítems"
"2024-02-01";"Pintura";766.586301051531;"Ítems"
"2024-02-01";"Otros trabajos y gastos";821.899773768559;"Ítems"
"2024-03-01";"Movimiento de tierras";719.750281779797;"Ítems"
"2024-03-01";"Estructura";742.575346988184;"Ítems"
"2024-03-01";"Albanileria";703.960164691285;"Ítems"
"2024-03-01";"Yeseria";833.3225101836;"Ítems"
"2024-03-01";"Instalacion sanitaria y contraincendio";1063.08002745594;"Ítems"
"2024-03-01";"Instalacion de gas";978.415052393282;"Ítems"
"2024-03-01";"Instalacion electrica";807.412999169623;"Ítems"
"2024-03-01";"Carpinteria metalica y herreria";856.387838804314;"Ítems"
"2024-03-01";"Carpinteria de madera";1004.47516349876;"Ítems"
"2024-03-01";"Ascensores";1131.50045652836;"Ítems"
"2024-03-01";"Vidrios";1051.99547899291;"Ítems"
"2024-03-01";"Pintura";836.572648579562;"Ítems"
"2024-03-01";"Otros trabajos y gastos";866.469268645083;"Ítems"
"2024-04-01";"Movimiento de tierras";804.861212499926;"Ítems"
"2024-04-01";"Estructura";770.722313162854;"Ítems"
"2024-04-01";"Albanileria";744.165303639484;"Ítems"
"2024-04-01";"Yeseria";938.089615679792;"Ítems"
"2024-04-01";"Instalacion sanitaria y contraincendio";1096.31164148494;"Ítems"
"2024-04-01";"Instalacion de gas";1004.4219116431;"Ítems"
"2024-04-01";"Instalacion electrica";824.589529704838;"Ítems"
"2024-04-01";"Carpinteria metalica y herreria";854.268532979142;"Ítems"
"2024-04-01";"Carpinteria de madera";1042.39484678143;"Ítems"
"2024-04-01";"Ascensores";1195.22674241656;"Ítems"
"2024-04-01";"Vidrios";1070.54427469016;"Ítems"
"2024-04-01";"Pintura";878.511880555394;"Ítems"
"2024-04-01";"Otros trabajos y gastos";940.119959696584;"Ítems"
"2024-05-01";"Movimiento de tierras";851.808938697563;"Ítems"
"2024-05-01";"Estructura";884.764158080801;"Ítems"
"2024-05-01";"Albanileria";882.906430533958;"Ítems"
"2024-05-01";"Yeseria";992.83901056733;"Ítems"
"2024-05-01";"Instalacion sanitaria y contraincendio";1097.71090215926;"Ítems"
"2024-05-01";"Instalacion de gas";1005.18781602028;"Ítems"
"2024-05-01";"Instalacion electrica";878.213935230618;"Ítems"
"2024-05-01";"Carpinteria metalica y herreria";866.369886007035;"Ítems"
"2024-05-01";"Carpinteria de madera";1066.75561582712;"Ítems"
"2024-05-01";"Ascensores";1260.35558486355;"Ítems"
"2024-05-01";"Vidrios";1082.3476108816;"Ítems"
"2024-05-01";"Pintura";924.398710277116;"Ítems"
"2024-05-01";"Otros trabajos y gastos";1063.28301743313;"Ítems"
"2024-06-01";"Movimiento de tierras";897.754521616744;"Ítems"
"2024-06-01";"Estructura";907.509938511906;"Ítems"
"2024-06-01";"Albanileria";912.811918363401;"Ítems"
"2024-06-01";"Yeseria";1050.487041738;"Ítems"
"2024-06-01";"Instalacion sanitaria y contraincendio";1124.20009758437;"Ítems"
"2024-06-01";"Instalacion de gas";1041.67875394814;"Ítems"
"2024-06-01";"Instalacion electrica";915.902657205404;"Ítems"
"2024-06-01";"Carpinteria metalica y herreria";875.933034606571;"Ítems"
"2024-06-01";"Carpinteria de madera";1075.49268356701;"Ítems"
"2024-06-01";"Ascensores";1324.61955970376;"Ítems"
"2024-06-01";"Vidrios";1118.38607841609;"Ítems"
"2024-06-01";"Pintura";958.654795793877;"Ítems"
"2024-06-01";"Otros trabajos y gastos";1120.59181384384;"Ítems"
"2024-07-01";"Movimiento de tierras";917.855203144253;"Ítems"
"2024-07-01";"Estructura";915.427046508109;"Ítems"
"2024-07-01";"Albanileria";920.889365165054;"Ítems"
"2024-07-01";"Yeseria";1060.23673180235;"Ítems"
"2024-07-01";"Instalacion sanitaria y contraincendio";1157.14805534192;"Ítems"
"2024-07-01";"Instalacion de gas";1075.63746289092;"Ítems"
"2024-07-01";"Instalacion electrica";941.55657884804;"Ítems"
"2024-07-01";"Carpinteria metalica y herreria";906.829360851225;"Ítems"
"2024-07-01";"Carpinteria de madera";1116.5554802161;"Ítems"
"2024-07-01";"Ascensores";1373.7496195597;"Ítems"
"2024-07-01";"Vidrios";1121.44945046379;"Ítems"
"2024-07-01";"Pintura";998.668157787719;"Ítems"
"2024-07-01";"Otros trabajos y gastos";1139.62757362027;"Ítems"
"2024-08-01";"Movimiento de tierras";944.36177605952;"Ítems"
"2024-08-01";"Estructura";923.318706411544;"Ítems"
"2024-08-01";"Albanileria";929.437358493606;"Ítems"
"2024-08-01";"Yeseria";1063.49548379479;"Ítems"
"2024-08-01";"Instalacion sanitaria y contraincendio";1179.19550781088;"Ítems"
"2024-08-01";"Instalacion de gas";1122.26816142282;"Ítems"
"2024-08-01";"Instalacion electrica";947.263531365592;"Ítems"
"2024-08-01";"Carpinteria metalica y herreria";934.159940449257;"Ítems"
"2024-08-01";"Carpinteria de madera";1162.1481222249;"Ítems"
"2024-08-01";"Ascensores";1413.93425991681;"Ítems"
"2024-08-01";"Vidrios";1155.89192454595;"Ítems"
"2024-08-01";"Pintura";1014.92476616511;"Ítems"
"2024-08-01";"Otros trabajos y gastos";1174.10125282789;"Ítems"
"2024-09-01";"Movimiento de tierras";1032.28466475504;"Ítems"
"2024-09-01";"Estructura";972.339298733098;"Ítems"
"2024-09-01";"Albanileria";988.689963016977;"Ítems"
"2024-09-01";"Yeseria";1089.96694019718;"Ítems"
"2024-09-01";"Instalacion sanitaria y contraincendio";1198.59412343596;"Ítems"
"2024-09-01";"Instalacion de gas";1139.16008079275;"Ítems"
"2024-09-01";"Instalacion electrica";969.368536272363;"Ítems"
"2024-09-01";"Carpinteria metalica y herreria";938.893348707544;"Ítems"
"2024-09-01";"Carpinteria de madera";1202.0800979899;"Ítems"
"2024-09-01";"Ascensores";1463.7871563356;"Ítems"
"2024-09-01";"Vidrios";1172.80867565672;"Ítems"
"2024-09-01";"Pintura";1040.86736768721;"Ítems"
"2024-09-01";"Otros trabajos y gastos";1242.72447291877;"Ítems"
"2024-10-01";"Movimiento de tierras";1037.09915728861;"Ítems"
"2024-10-01";"Estructura";978.839566969751;"Ítems"
"2024-10-01";"Albanileria";993.281820306016;"Ítems"
"2024-10-01";"Yeseria";1095.4572288801;"Ítems"
"2024-10-01";"Instalacion sanitaria y contraincendio";1229.5647571555;"Ítems"
"2024-10-01";"Instalacion de gas";1150.70015860321;"Ítems"
"2024-10-01";"Instalacion electrica";975.854910545783;"Ítems"
"2024-10-01";"Carpinteria metalica y herreria";949.211098623618;"Ítems"
"2024-10-01";"Carpinteria de madera";1229.21761193377;"Ítems"
"2024-10-01";"Ascensores";1519.73977883738;"Ítems"
"2024-10-01";"Vidrios";1185.34082937096;"Ítems"
"2024-10-01";"Pintura";1048.43141811422;"Ítems"
"2024-10-01";"Otros trabajos y gastos";1274.21722020494;"Ítems"
"2024-11-01";"Movimiento de tierras";1069.20570217189;"Ítems"
"2024-11-01";"Estructura";980.646381556323;"Ítems"
"2024-11-01";"Albanileria";999.345746952325;"Ítems"
"2024-11-01";"Yeseria";1110.98648090206;"Ítems"
"2024-11-01";"Instalacion sanitaria y contraincendio";1233.40280017532;"Ítems"
"2024-11-01";"Instalacion de gas";1147.787010804;"Ítems"
"2024-11-01";"Instalacion electrica";979.088661583754;"Ítems"
"2024-11-01";"Carpinteria metalica y herreria";951.309970370586;"Ítems"
"2024-11-01";"Carpinteria de madera";1256.7039961504;"Ítems"
"2024-11-01";"Ascensores";1570.08724764127;"Ítems"
"2024-11-01";"Vidrios";1241.41788136254;"Ítems"
"2024-11-01";"Pintura";1064.46871550572;"Ítems"
"2024-11-01";"Otros trabajos y gastos";1312.6347407844;"Ítems"
"2024-12-01";"Movimiento de tierras";1144.02539230172;"Ítems"
"2024-12-01";"Estructura";1104.38601317799;"Ítems"
"2024-12-01";"Albanileria";1146.33996986568;"Ítems"
"2024-12-01";"Yeseria";1184.44713383317;"Ítems"
"2024-12-01";"Instalacion sanitaria y contraincendio";1250.84063148667;"Ítems"
"2024-12-01";"Instalacion de gas";1160.30988626659;"Ítems"
"2024-12-01";"Instalacion electrica";1015.56861931003;"Ítems"
"2024-12-01";"Carpinteria metalica y herreria";951.885043714331;"Ítems"
"2024-12-01";"Carpinteria de madera";1269.51923707868;"Ítems"
"2024-12-01";"Ascensores";1607.45155726895;"Ítems"
"2024-12-01";"Vidrios";1266.2668563411;"Ítems"
"2024-12-01";"Pintura";1070.36251670249;"Ítems"
"2024-12-01";"Otros trabajos y gastos";1389.77395866999;"Ítems"
"2025-01-01";"Movimiento de tierras";1189.30696769898;"Ítems"
"2025-01-01";"Estructura";1108.46664924275;"Ítems"
"2025-01-01";"Albanileria";1155.36898421574;"Ítems"
"2025-01-01";"Yeseria";1195.83210342995;"Ítems"
"2025-01-01";"Instalacion sanitaria y contraincendio";1259.23784950505;"Ítems"
"2025-01-01";"Instalacion de gas";1167.11897951714;"Ítems"
"2025-01-01";"Instalacion electrica";1019.04016003623;"Ítems"
"2025-01-01";"Carpinteria metalica y herreria";961.462788084013;"Ítems"
"2025-01-01";"Carpinteria de madera";1283.00925217087;"Ítems"
"2025-01-01";"Ascensores";1640.59805214568;"Ítems"
"2025-01-01";"Vidrios";1318.35489905682;"Ítems"
"2025-01-01";"Pintura";1077.97304362981;"Ítems"
"2025-01-01";"Otros trabajos y gastos";1421.13077698143;"Ítems"
"2025-02-01";"Movimiento de tierras";1226.61578083664;"Ítems"
"2025-02-01";"Estructura";1136.23945967509;"Ítems"
"2025-02-01";"Albanileria";1191.56883757282;"Ítems"
"2025-02-01";"Yeseria";1199.5778971604;"Ítems"
"2025-02-01";"Instalacion sanitaria y contraincendio";1289.64447862654;"Ítems"
"2025-02-01";"Instalacion de gas";1179.73403462159;"Ítems"
"2025-02-01";"Instalacion electrica";1021.78040311014;"Ítems"
"2025-02-01";"Carpinteria metalica y herreria";961.001561747405;"Ítems"
"2025-02-01";"Carpinteria de madera";1301.01817625057;"Ítems"
"2025-02-01";"Ascensores";1650.78877954753;"Ítems"
"2025-02-01";"Vidrios";1332.85719853457;"Ítems"
"2025-02-01";"Pintura";1080.41886945913;"Ítems"
"2025-02-01";"Otros trabajos y gastos";1445.42974468166;"Ítems"
"2025-03-01";"Movimiento de tierras";1243.69251254139;"Ítems"
"2025-03-01";"Estructura";1131.48135411365;"Ítems"
"2025-03-01";"Albanileria";1186.2840521791;"Ítems"
"2025-03-01";"Yeseria";1232.56685754767;"Ítems"
"2025-03-01";"Instalacion sanitaria y contraincendio";1303.27651938042;"Ítems"
"2025-03-01";"Instalacion de gas";1184.19796933671;"Ítems"
"2025-03-01";"Instalacion electrica";1050.06793991092;"Ítems"
"2025-03-01";"Carpinteria metalica y herreria";970.13121597361;"Ítems"
"2025-03-01";"Carpinteria de madera";1323.24963363153;"Ítems"
"2025-03-01";"Ascensores";1673.11808866795;"Ítems"
"2025-03-01";"Vidrios";1366.68680333619;"Ítems"
"2025-03-01";"Pintura";1089.60233544414;"Ítems"
"2025-03-01";"Otros trabajos y gastos";1452.31649588411;"Ítems"
